Workbook

Sheet People
A1: Person_ID | B1: Level | C1: Last_name | D1: First_name | E1: Name | F1: Dynasty_or_house | G1: Title_or_role | H1: Name_variants | I1: RKD_Artist_ID | J1: Gender | K1: Date_of_birth | L1: Date_of_birth_precision | M1: Place_of_birth | N1: Date_of_death | O1: Date_of_death_precision | P1: Place_of_death | Q1: Remarks | R1: Profession | S1: Nationality
A2: A001 | B2: A | C2: De Visch | D2: Matthias | E2: =D2&" "&C2 -> Matthias De Visch | H2: Matthijs De Visch; Mathias Fisch | I2: 81220 | K2: 1701-03-22 | L2: probable | M2: Reninge | N2: 1765-04-23 | O2: probable | P2: Bruges | R2: artist
A3: A002 | B3: A | C3: Fernande | D3: Joseph | E3: =D3&" "&C3 -> Joseph Fernande | H3: Jozef Fernande; Jozef Fernandi | I3: 27706 | K3: 1741-10-01 | L3: probable | M3: Bruges | N3: 1799-08-10 | O3: probable | P3: Bruges | R3: artist
A4: A003 | B4: A | C4: Legillon | D4: Jean-François | E4: =D4&" "&C4 -> Jean-François Legillon | H4: Jean-François Le Gillon; Jan Frans Legillon; J.-F. Gillon | I4: 49082 | K4: 1739-09-01 | L4: probable | M4: Bruges | N4: 1797-11-23 | O4: probable | P4: Paris | R4: artist
A5: A004 | B5: A | C5: Cyfflé | D5: Paul-Louis | E5: =D5&" "&C5 -> Paul-Louis Cyfflé | H5: Paulus Gyfflé | K5: 1724-01-06 | L5: probable | M5: Bruges | N5: 1806-08-24 | O5: probable | P5: Ixelles | R5: artist
A6: A005 | B6: A | C6: Verschoot | D6: Bernard | E6: =D6&" "&C6 -> Bernard Verschoot | H6: Bernard Verschooft; Bernardus Verschoot | I6: 80628 | K6: 1727-03-29 | L6: probable | M6: Bruges | N6: 1783-05-01 | O6: probable | P6: Brussels | R6: artist
A7: A006 | B7: A | C7: Pepers (I) | D7: Pieter | E7: =D7&" "&C7 -> Pieter Pepers (I) | H7: Pierre Pepers | I7: 93575 | K7: 1730-10-10 | L7: probable | M7: Bruges | N7: 1785-06-28 | O7: probable | P7: Bruges | R7: artist
A8: A007 | B8: A | C8: De Muynck | D8: Andreas | E8: =D8&" "&C8 -> Andreas De Muynck | H8: Andreas Peter Victor De Muynck; André De Muynck; André Demuinck; Andreas de Muijnch | I8: 333905 | K8: 1737-07-12 | L8: probable | M8: Bruges | N8: 1813-03-14 | O8: probable | P8: Rome | R8: artist
A9: A008 | B9: A | C9: Van Poucke | D9: Karel | E9: =D9&" "&C9 -> Karel Van Poucke | H9: Charles François Van Poucke; Carolus Van Poucke | I9: 420453 | K9: 1740-06-18 | L9: probable | M9: Diksmuide | N9: 1809-11-12 | O9: probable | P9: Ghent | R9: artist
A10: A009 | B10: A | C10: Billoo | D10: Jean | E10: =D10&" "&C10 -> Jean Billoo | H10: Jean Bylloo | K10: 1740 | L10: probable | M10: Bruges | N10: 1798 | O10: probable | P10: Paris | R10: artist
A11: A010 | B11: A | C11: Suvée | D11: Joseph-Benoît | E11: =D11&" "&C11 -> Joseph-Benoît Suvée | I11: 76129 | K11: 1743-01-03 | L11: probable | M11: Bruges | N11: 1807-02-09 | O11: probable | P11: Rome | R11: artist
A12: A011 | B12: A | C12: Malfait | D12: Joseph | E12: =D12&" "&C12 -> Joseph Malfait | H12: Jozef Malfait; Malfette | I12: 516660 | K12: 1754 | L12: probable | M12: Bruges | N12: 1797 | O12: probable | P12: Bruges | R12: artist
A13: A012 | B13: A | C13: Goddyn | D13: Pierre Mathieu | E13: =D13&" "&C13 -> Pierre Mathieu Goddyn | H13: Pieter Matthias Goddyn; Pieter Goddijn | I13: 32281 | K13: 1752-02-25 | L13: probable | M13: Bruges | N13: 1811-02-24 | O13: probable | P13: Bruges | R13: artist
A14: A013 | B14: A | C14: Lauwers | D14: Jacques Jean | E14: =D14&" "&C14 -> Jacques Jean Lauwers | H14: Jacobus Johannes Lauwers | I14: 48384 | K14: 1753-02-26 | L14: probable | M14: Bruges | N14: 1800-12-21 | O14: probable | P14: Amsterdam | R14: artist
A15: A014 | B15: A | C15: De San | D15: Gerardus | E15: =D15&" "&C15 -> Gerardus De San | H15: De San (I); De San senior | I15: 69518 | K15: 1754-05-31 | L15: probable | M15: Bruges | N15: 1830-02-09 | O15: probable | P15: Groningen | R15: artist
A16: A015 | B16: A | C16: van den Berghe | D16: Augustin | E16: =D16&" "&C16 -> Augustin van den Berghe | H16: Berghe Senior; Berghe Père | I16: 7189 | K16: 1756-10-13 | L16: probable | M16: Bruges | N16: 1836-04-11 | O16: probable | P16: Beauvais | R16: artist
A17: A016 | B17: A | C17: van der Donckt | D17: Joseph Octave | E17: =D17&" "&C17 -> Joseph Octave van der Donckt | H17: Joseph Octave van der Donckt; Joseph Angelus Van Der Donckt; Franciscus Josephus Octavius Vander Donckt; François Joseph Octave Van der Donckt | I17: 23694 | K17: 1757-07-30 | L17: probable | M17: Aalst | N17: 1813-08-16 | O17: probable | P17: Bruges | R17: artist
A18: A017 | B18: A | C18: Sénave | D18: Jacques Albert | E18: =D18&" "&C18 -> Jacques Albert Sénave | H18: Jacques Albert Senave | I18: 71949 | K18: 1758-09-12 | L18: probable | M18: Lo | N18: 1823-02-22 | O18: probable | P18: Paris | R18: artist
A19: A018 | B19: A | C19: Van Lede | D19: Maximiliaan Lodewijk | E19: =D19&" "&C19 -> Maximiliaan Lodewijk Van Lede | H19: Maximilien Louis Van Lede | I19: 206220 | K19: 1759-02-18 | L19: probable | M19: Bruges | N19: 1834-07-13 | O19: probable | P19: Bruges | R19: artist
A20: A019 | B20: A | C20: Geysen | D20: Guillielmus | E20: =D20&" "&C20 -> Guillielmus Geysen | H20: Guillaume Pierre Geysen | I20: 363310 | K20: 1761-06-28 | L20: probable | M20: Bruges | N20: 1827-08-21 | O20: probable | P20: Bruges | R20: artist
A21: A020 | B21: A | C21: Ducq | D21: Joseph François | E21: =D21&" "&C21 -> Joseph François Ducq | H21: Jozef Ducq; Giuseppe Ducq; Joseph Le Ducq; Duc; Duck; Duch; Josephus Ducq | I21: 24561 | K21: 1762-09-10 | L21: probable | M21: Ledegem | N21: 1829-04-09 | O21: probable | P21: Bruges | R21: artist
A22: A021 | B22: A | C22: Duvivier | D22: Jean-Bernard | E22: =D22&" "&C22 -> Jean-Bernard Duvivier | H22: Du Vivier | I22: 102854 | K22: 1762-06-22 | L22: probable | M22: Bruges | N22: 1837-11-24 | O22: probable | P22: Paris | R22: artist
A23: A022 | B23: A | C23: Wynckelman | D23: François Jacques | E23: =D23&" "&C23 -> François Jacques Wynckelman | I23: 102125 | K23: 1762-06-29 | L23: probable | M23: Bruges | N23: 1844-01-06 | O23: probable | P23: Bruges | R23: artist
A24: A023 | B24: A | C24: Kinsoen | D24: François Joseph | E24: =D24&" "&C24 -> François Joseph Kinsoen | H24: Franciscus Josephus Kinsoen; Quinsoen; Kinson; Quinsols | I24: 44436 | K24: 1770-02-28 | L24: probable | M24: Bruges | N24: 1839-10-18 | O24: probable | P24: Bruges | R24: artist
A25: A024 | B25: A | C25: De Meulemeester | D25: Joseph Charles | E25: =D25&" "&C25 -> Joseph Charles De Meulemeester | H25: Jozef Karel De Meulemeester; Joseph Van Meulemaester; Demelmestre; Josephus Carolus De Meulemeester; Malmeister; Demeulemeester; Josse de Meulemeester; Van Meulemeester | I25: 20811 | K25: 1771-04-23 | L25: probable | M25: Bruges | N25: 1836-11-07 | O25: probable | P25: Antwerp | R25: artist
A26: A025 | B26: A | C26: Gregorius | D26: Albert Jacques François | E26: =D26&" "&C26 -> Albert Jacques François Gregorius | I26: 33641 | K26: 1774-10-26 | L26: probable | M26: Bruges | N26: 1853-02-25 | O26: probable | P26: Bruges | R26: artist
A27: A026 | B27: A | C27: Calloigne | D27: Jan Robert | E27: =D27&" "&C27 -> Jan Robert Calloigne | H27: Joannes Robertus Calloigne; Jean Robert Calloigne | I27: 298604 | K27: 1775-05-31 | L27: probable | M27: Bruges | N27: 1830-08-26 | O27: probable | P27: Antwerp | R27: artist
A28: A027 | B28: A | C28: Odevaere | D28: Joseph-Denis | E28: =D28&" "&C28 -> Joseph-Denis Odevaere | H28: Joseph Désiré Odevaere; Joseph Dionysius Maria Gislain Odevaere; Odevaëre; Odevar; Odovaere; Oduvard; Odoyaere; Odevaert | I28: 60253 | K28: 1775-12-02 | L28: probable | M28: Bruges | N28: 1830-02-26 | O28: probable | P28: Brussels | R28: artist
A29: A028 | B29: A | C29: Simonau | D29: François | E29: =D29&" "&C29 -> François Simonau | H29: François Simonan; Frans Simoneau | I29: 72687 | K29: 1783-05-26 | L29: probable | M29: Bornem | N29: 1859-11-26 | O29: probable | P29: London | R29: artist
A30: A029 | B30: A | C30: Warlencourt | D30: Joseph | E30: =D30&" "&C30 -> Joseph Warlencourt | H30: Josephus Bruno Warlencourt; Joseph Warlincourt | I30: 82880 | K30: 1784-01-16 | L30: probable | M30: Bruges | N30: 1845-11-07 | O30: probable | R30: artist
A31: A030 | B31: A | C31: Van Acker | D31: Jean-Baptiste | E31: =D31&" "&C31 -> Jean-Baptiste Van Acker | H31: Johannes Baptista van Acker; Jan Van Acker | I31: 79133 | K31: 1794-11-01 | L31: probable | M31: Bruges | N31: 1863-06-15 | O31: probable | R31: artist
A32: A031 | B32: A | C32: De Vlamynck | D32: Pierre-Jean | E32: =D32&" "&C32 -> Pierre-Jean De Vlamynck | H32: Pieter Jan De Vlamijnck; Pieter De Vlaemynck; Petrus Joannes De Vlaemynck | I32: 326619 | K32: 1795-07-01 | L32: probable | M32: Bruges | N32: 1850-03-01 | O32: probable | P32: Bruges | R32: artist
A33: A032 | B33: A | C33: Van den Steene | D33: Auguste | E33: =D33&" "&C33 -> Auguste Van den Steene | H33: Auguste Van De Steene; Augustus Van Den Steene | I33: 79191 | K33: 1803-11-05 | L33: probable | M33: Bruges | N33: 1870-04-06 | O33: probable | P33: Sint-Joost-ten-Node | R33: artist
A34: A033 | B34: A | C34: De Vigne | D34: Pieter | E34: =D34&" "&C34 -> Pieter De Vigne | H34: Pierre De Vigne; Petrus De Vigne-Quyo | I34: 98442 | K34: 1812-07-29 | L34: probable | M34: Ghent | N34: 1877 | O34: probable | P34: Gent | R34: sculptor
A35: A034 | B35: A | C35: Wallays | D35: Edouard-Auguste | E35: =D35&" "&C35 -> Edouard-Auguste Wallays | I35: 82657 | K35: 1813-07-02 | L35: probable | M35: Bruges | N35: 1891-01-28 | O35: probable | P35: Bruges | R35: artist
A36: A035 | B36: A | C36: Cierkens | D36: Jan | E36: =D36&" "&C36 -> Jan Cierkens | I36: 344005 | K36: 1819-05-01 | L36: probable | M36: Bruges | N36: 1852-07-03 | O36: probable | P36: Rome | R36: artist
A37: A036 | B37: A | C37: Dobbelaere | D37: Henri | E37: =D37&" "&C37 -> Henri Dobbelaere | H37: Henricus Dobbelaere; Henri Marie Dobbelaëre | I37: 328006 | K37: 1822-05-25 | L37: probable | M37: Bruges | N37: 1885-01-22 | O37: probable | R37: artist
A38: A037 | B38: A | C38: Copman | D38: Eugène | E38: =D38&" "&C38 -> Eugène Copman | I38: 344032 | K38: 1839 | L38: probable | N38: 1930 | O38: probable | R38: artist
A39: A038 | B39: A | C39: Raoux | D39: Pieter | E39: =D39&" "&C39 -> Pieter Raoux | H39: Pierre Raoux | K39: 1845-09-08 | L39: probable | M39: Assebroek | N39: 6486 | O39: probable | P39: Bruges | R39: artist
A40: A039 | B40: A | C40: Van Hove | D40: Edmond | E40: =D40&" "&C40 -> Edmond Van Hove | H40: Edmond Theodor Van Hove | I40: 40096 | K40: 1851-06-07 | L40: probable | M40: Bruges | N40: 4881 | O40: probable | P40: Bruges | R40: artist
A41: A040 | B41: A | C41: Goethals | D41: Charles | E41: =D41&" "&C41 -> Charles Goethals | H41: Karel Goethals; Charles Louis Goethals; Charles Louis Smeets Dullens Goethals | I41: 32378 | K41: 1853 | L41: probable | M41: Bruges | N41: 1885-11-12 | O41: probable | P41: Brussels | R41: artist
A42: A041 | B42: A | C42: De Jans | D42: Edouard | E42: =D42&" "&C42 -> Edouard De Jans | I42: 20667 | K42: 1855-04-16 | L42: probable | M42: Sint-Andries | N42: 7132 | O42: probable | P42: Antwerp | R42: artist
A43: A042 | B43: A | C43: Verbrugge | D43: Emile | E43: =D43&" "&C43 -> Emile Verbrugge | H43: Emile Edmond Verbrugge; Emiel Verbrugghe | I43: 80097 | K43: 1856-03-11 | L43: probable | M43: Bruges | N43: 13167 | O43: probable | P43: Weerde | R43: artist
A44: A043 | B44: A | C44: Yperman | D44: Louis-Joseph | E44: =D44&" "&C44 -> Louis-Joseph Yperman | I44: 86007 | K44: 1856-02-07 | L44: probable | M44: Bruges | N44: 12947 | O44: probable | P44: Angers | R44: painter; conservator (restorer)
A45: A044 | B45: A | C45: Anthone | D45: Jules | E45: =D45&" "&C45 -> Jules Anthone | H45: Julius Anthone | I45: 2045 | K45: 1858-01-21 | L45: probable | M45: Bruges | N45: 8563 | O45: probable | P45: Antwerp | R45: artist
A46: A045 | B46: A | C46: van der Donckt | D46: François | E46: =D46&" "&C46 -> François van der Donckt | H46: François Marie Jacques van der Donckt; François Vander Donckt | I46: 309753 | K46: 1792-09-23 | L46: certain | M46: Bruges | O46: unknown | R46: painter
A47: A046 | B47: A | C47: Wulffaert | D47: Adrien | E47: =D47&" "&C47 -> Adrien Wulffaert | H47: Adrianus Wulffaert; André Wulffaert; Wulfaert | I47: 85758 | K47: 1804-09-03 | L47: probable | M47: Goes | N47: 1873-02-26 | O47: probable | P47: Gent | R47: artist
A48: A047 | B48: A | C48: Bogaert | D48: Emmanuel | E48: =D48&" "&C48 -> Emmanuel Bogaert | I48: 363336 | K48: 1787 | L48: uncertain | M48: Bruges | O48: unknown | R48: artist
A49: A048 | B49: A | C49: Brulois | D49: Joseph | E49: =D49&" "&C49 -> Joseph Brulois | H49: Joseph Bruloys | I49: 363334 | K49: 1783 | L49: uncertain | M49: Bruges | O49: unknown | R49: artist
A50: A049 | B50: A | C50: Gerbo | D50: Louis | E50: =D50&" "&C50 -> Louis Gerbo | H50: Lodewijk Gerbo; Louis-Joseph Gerbo; Ludovicus Josephus Gerbo | K50: 1780 | L50: uncertain | M50: Bruges | N50: 1818-04-21 | O50: probable | P50: Bruges | R50: artist
A51: A050 | B51: A | C51: Tangnès | D51: Louis | E51: =D51&" "&C51 -> Louis Tangnès | H51: Louis Tangues | K51: 1785 | L51: estimate | M51: Bruges | O51: unknown | Q51: Note that in the Lexicon van Westvlaamse kunstenaars, the artist is referred to as Louis Tangues, which is probably a misspelling. The artist may be related to a Louis Laurent Tangnes, born in Bruges on 25 August 1780 and died in Bruges on 18/01/1870 (Bruges City Archives). | R51: artist
A52: A051 | B52: A | C52: Verlinde | D52: Pierre Antoine Augustin | E52: =D52&" "&C52 -> Pierre Antoine Augustin Verlinde | H52: Peter Anton Verlinden | I52: 80452 | K52: 1801-01-20 | L52: uncertain | M52: Bergues | N52: 1877-03-29 | O52: probable | P52: Antwerp | R52: artist
A53: A052 | B53: A | C53: De Cock | D53: Paul | E53: =D53&" "&C53 -> Paul De Cock | H53: Paul Joseph De Cock; Paul Joseph De Cockq; Paulus De Cock; Paul Jozef de Cock | I53: 363651 | K53: 1724-06-21 | L53: probable | M53: Bruges | N53: 1801-12-31 | O53: probable | P53: Bruges | R53: artist
A54: A053 | B54: A | C54: Heylbrouck (II) | D54: Norbert | E54: =D54&" "&C54 -> Norbert Heylbrouck (II) | H54: Norbert François Heylbroeck (II); Norbertus Heylbrouck | I54: 38261 | K54: 1734-02-22 | L54: probable | M54: Gent | N54: 1785-12-08 | O54: probable | P54: Bruges | R54: artist
A55: A054 | B55: A | C55: Pepers (II) | D55: Pieter | E55: =D55&" "&C55 -> Pieter Pepers (II) | H55: Pierre Pepers; Pierre Peepers | I55: 455140 | K55: 1761-04-17 | L55: probable | M55: Bruges | N55: 1794-09-10 | O55: probable | P55: Bruges | R55: artist
A56: A055 | B56: A | C56: Autrique | D56: Jean-Baptiste | E56: =D56&" "&C56 -> Jean-Baptiste Autrique | H56: Jean-Baptiste Joseph Autricque; Joannes Autrique; Jan Autrique | I56: 295536 | K56: 1777-11-28 | L56: probable | M56: Bruges | N56: 1853-01-21 | O56: probable | P56: Ieper | R56: artist
A57: A056 | B57: A | C57: Prince | D57: Jacobus | E57: =D57&" "&C57 -> Jacobus Prince | K57: 1740 | L57: probable | M57: Bruges | N57: 1775-02-17 | O57: probable | P57: Bruges | R57: artist
A58: A057 | B58: A | C58: Malfait (II) | D58: Eustache | E58: =D58&" "&C58 -> Eustache Malfait (II) | H58: Eustachius Malfait; Malfette | I58: 516657 (partly confused with Eustache Malfait I) | K58: 1740 | L58: probable | M58: Bruges | N58: 1781-11-02 | O58: probable | P58: Brussel | R58: artist
A59: A058 | B59: A | C59: Calis | D59: Bernard | E59: =D59&" "&C59 -> Bernard Calis | H59: Bernardus Calis | I59: 516551 | L59: unknown | O59: unknown | R59: artist
A60: A059 | B60: A | C60: Legendre | D60: Léonce | E60: =D60&" "&C60 -> Léonce Legendre | H60: Leontius Alexis Legendre | I60: 49067 | K60: 1831-03-01 | L60: probable | M60: Bruges | N60: 1893-07-10 | O60: probable | P60: Tournai | R60: artist
A61: A060 | B61: A | C61: Henneman | D61: Valentin | E61: =D61&" "&C61 -> Valentin Henneman | H61: Valentijn Henneman | K61: 1861-07-07 | L61: probable | M61: Oostkamp | N61: 11101 | O61: probable | P61: Bangor, Me, Verenigde Staten | R61: artist
A62: A061 | B62: A | C62: Houvenaghel | D62: Pieter | E62: =D62&" "&C62 -> Pieter Houvenaghel | H62: Pierre Houvenaghel; Peter Houvenaghel; Houvenaeghel; Hoeffenaeghel; Hoevenaghel | I62: 344180 | K62: 1811 | L62: probable | N62: 1843-09-20 | O62: probable | P62: Naples | R62: sculptor
A63: A062 | B63: A | C63: Van Maldeghem | D63: Eugène | E63: =D63&" "&C63 -> Eugène Van Maldeghem | H63: Romain Eugène Évariste van Maldeghem | I63: 79288 | K63: 1813-04-23 | L63: probable | M63: Dentergem | N63: 1867-08-26 | O63: probable | P63: Elsene | R63: painter, printmaker
A64: A063 | B64: A | C64: du Bois | D64: Dominicus Franciscus | E64: =D64&" "&C64 -> Dominicus Franciscus du Bois | H64: Dominique François Du Bois; Dubois | I64: 10013 | K64: 1800-11-08 | L64: probable | M64: Bruges | N64: 1840-10-27 | O64: probable | P64: s-Hertogenbosch | R64: painter, draughtsperson
A65: A064 | B65: A | C65: Van Acker | D65: Flori | E65: =D65&" "&C65 -> Flori Van Acker | H65: Florimond Van Acker; Florimond Arthur Joseph Marie Van Acker | I65: 296 | K65: 1858-04-16 | L65: probable | M65: Bruges | N65: 14684 | O65: probable | P65: Bruges | R65: painter
A66: A065 | B66: A | C66: Devos | D66: Charles | E66: =D66&" "&C66 -> Charles Devos | H66: Charles Jean Devos | I66: 486125 | K66: 1797-06-23 | L66: certain | M66: Bruges | O66: unknown | R66: artist
A67: A066 | B67: A | C67: Joostens | D67: Antoon L. | E67: =D67&" "&C67 -> Antoon L. Joostens | H67: Antoine Laurent Joostens | I67: 42864 | K67: 1820-02-29 | L67: certain | M67: Bruges | N67: 1886-02-25 | O67: probable | P67: Bruges | R67: painter | S67: French
A68: B001 | B68: B | C68: Albani | D68: Alexandre | E68: =D68&" "&C68 -> Alexandre Albani | J68: male
A69: B002 | B69: B | C69: Álvarez y Cubero | D69: José | E69: =D69&" "&C69 -> José Álvarez y Cubero | J69: male
A70: B003 | B70: B | C70: Artaud | D70: Alexis-François | E70: =D70&" "&C70 -> Alexis-François Artaud | J70: male | R70: diplomat | S70: French
A71: B004 | B71: B | C71: Augustin | E71: =D71&" "&C71 -> Augustin | J71: male
A72: B005 | B72: B | C72: Bachasson | D72: Jean-Pierre | E72: =D72&" "&C72 -> Jean-Pierre Bachasson | G72: Count of Montalivet | J72: male
A73: B006 | B73: B | C73: Bachelier | D73: Jean-Jacques | E73: =D73&" "&C73 -> Jean-Jacques Bachelier | J73: male
A74: B007 | B74: B | C74: Barbiers (II) | D74: Pieter | E74: =D74&" "&C74 -> Pieter Barbiers (II) | J74: male
A75: B008 | B75: B | C75: Batoni | D75: Pompeo | E75: =D75&" "&C75 -> Pompeo Batoni | J75: male | R75: painter | S75: Italian
A76: B009 | B76: B | C76: Baude | D76: Augustinus | E76: =D76&" "&C76 -> Augustinus Baude | J76: male
A77: B010 | B77: B | C77: Beaufaux | D77: Polydore | E77: =D77&" "&C77 -> Polydore Beaufaux | I77: 5344 | J77: male | R77: painter | S77: Belgian
A78: B011 | B78: B | C78: Beerblock | D78: Johannes | E78: =D78&" "&C78 -> Johannes Beerblock | J78: male
A79: B012 | B79: B | C79: Beke | D79: Jos. | E79: =D79&" "&C79 -> Jos. Beke | J79: male
A80: B013 | B80: B | C80: Bellengé | E80: =D80&" "&C80 -> Bellengé | J80: male | Q80: Bellenger?
A81: B014 | B81: B | C81: Bervic | D81: Charles-Clément | E81: =D81&" "&C81 -> Charles-Clément Bervic | J81: male
A82: B015 | B82: B | C82: De San (II) | D82: Gerardus | E82: =D82&" "&C82 -> Gerardus De San (II) | J82: male | Q82: zie tekening Rijksmuseum | S82: North Netherlandish?
A83: B016 | B83: B | C83: Bonaparte | D83: Caroline | E83: =D83&" "&C83 -> Caroline Bonaparte | F83: Bonaparte | J83: female
A84: B017 | B84: B | C84: Bonaparte | D84: Jérôme | E84: =D84&" "&C84 -> Jérôme Bonaparte | F84: Bonaparte | J84: male
A85: B018 | B85: B | C85: Boudelet | E85: =D85&" "&C85 -> Boudelet | J85: male
A86: B019 | B86: B | C86: Bridan | D86: Charles-Antoine | E86: =D86&" "&C86 -> Charles-Antoine Bridan | I86: 348711 | J86: male | R86: sculptor | S86: French
A87: B020 | B87: B | C87: Bylloo | D87: Jean | E87: =D87&" "&C87 -> Jean Bylloo | J87: male
A88: B021 | B88: B | C88: Cabanel | D88: Alexandre | E88: =D88&" "&C88 -> Alexandre Cabanel | I88: 14632 | J88: male | R88: painter
A89: B022 | B89: B | C89: Caïmo | D89: Jan Robert | E89: =D89&" "&C89 -> Jan Robert Caïmo | J89: male
A90: B023 | B90: B | C90: Calis | D90: Bernard | E90: =D90&" "&C90 -> Bernard Calis | J90: male
A91: B024 | B91: B | C91: Canneel | D91: Anna-Maria | E91: =D91&" "&C91 -> Anna-Maria Canneel | J91: female
A92: B025 | B92: B | C92: Chaudet | D92: Antoine Denis | E92: =D92&" "&C92 -> Antoine Denis Chaudet | J92: male
A93: B026 | B93: B | C93: Cherubini | D93: Luigi | E93: =D93&" "&C93 -> Luigi Cherubini | J93: male
A94: B027 | B94: B | C94: Commyn | D94: Joanna | E94: =D94&" "&C94 -> Joanna Commyn | J94: female | S94: Belgian
A95: B028 | B95: B | C95: Corr | D95: Ernest | E95: =D95&" "&C95 -> Ernest Corr | I95: 18468 | J95: male | Q95: aka Erin Corr | R95: printmaker
A96: B029 | B96: B | C96: Coustou (II) | D96: Guillaume | E96: =D96&" "&C96 -> Guillaume Coustou (II) | J96: male
A97: B030 | B97: B | C97: Cretet | D97: Jean-Baptiste | E97: =D97&" "&C97 -> Jean-Baptiste Cretet | J97: male
A98: B031 | B98: B | C98: Damerin | D98: Marie Françoise Thérèse | E98: =D98&" "&C98 -> Marie Françoise Thérèse Damerin | J98: female
A99: B032 | B99: B | C99: Dandillon | E99: =D99&" "&C99 -> Dandillon | J99: male | Q99: Dandrillon, Pierre-Charles?
A100: B033 | B100: B | C100: Dandillon | E100: =D100&" "&C100 -> Dandillon | J100: female
...

Sheet Relations
A1: Relation_ID | B1: Artist_ID | C1: Person_full_name | D1: Associated_person_ID | E1: Associated_person_full_name | F1: Role_of_associated_person | G1: Linked_institution | H1: Relation_source
B2: A001 | C2: =VLOOKUP(B2,People!A$1:E$1000,5,0) -> Matthias De Visch | D2: B155 | E2: =VLOOKUP(D2,People!A$1:E$1000,5,0) -> Jozef van den Kerckhove (I) | F2: teacher | G2: Bruges Royal Academy of Fine Arts
B3: A001 | C3: =VLOOKUP(B3,People!A$1:E$1000,5,0) -> Matthias De Visch | D3: B130 | E3: =VLOOKUP(D3,People!A$1:E$1000,5,0) -> Giambattista Piazetta | F3: teacher
B4: A001 | C4: =VLOOKUP(B4,People!A$1:E$1000,5,0) -> Matthias De Visch | D4: B011 | E4: =VLOOKUP(D4,People!A$1:E$1000,5,0) -> Johannes Beerblock | F4: pupil
B5: A001 | C5: =VLOOKUP(B5,People!A$1:E$1000,5,0) -> Matthias De Visch | D5: B012 | E5: =VLOOKUP(D5,People!A$1:E$1000,5,0) -> Jos. Beke | F5: pupil
B6: A001 | C6: =VLOOKUP(B6,People!A$1:E$1000,5,0) -> Matthias De Visch | D6: A052 | E6: =VLOOKUP(D6,People!A$1:E$1000,5,0) -> Paul De Cock | F6: pupil
B7: A001 | C7: =VLOOKUP(B7,People!A$1:E$1000,5,0) -> Matthias De Visch | D7: B101 | E7: =VLOOKUP(D7,People!A$1:E$1000,5,0) -> Pièrre François Ledoulx | F7: pupil
B8: A001 | C8: =VLOOKUP(B8,People!A$1:E$1000,5,0) -> Matthias De Visch | D8: A007 | E8: =VLOOKUP(D8,People!A$1:E$1000,5,0) -> Andreas De Muynck | F8: pupil
B9: A001 | C9: =VLOOKUP(B9,People!A$1:E$1000,5,0) -> Matthias De Visch | D9: A006 | E9: =VLOOKUP(D9,People!A$1:E$1000,5,0) -> Pieter Pepers (I) | F9: pupil
B10: A001 | C10: =VLOOKUP(B10,People!A$1:E$1000,5,0) -> Matthias De Visch | D10: B057 | E10: =VLOOKUP(D10,People!A$1:E$1000,5,0) -> Jacques De Rijcke | F10: pupil
B11: A001 | C11: =VLOOKUP(B11,People!A$1:E$1000,5,0) -> Matthias De Visch | D11: A010 | E11: =VLOOKUP(D11,People!A$1:E$1000,5,0) -> Joseph-Benoît Suvée | F11: pupil
B12: A001 | C12: =VLOOKUP(B12,People!A$1:E$1000,5,0) -> Matthias De Visch | D12: B151 | E12: =VLOOKUP(D12,People!A$1:E$1000,5,0) -> Antoine Suweyns | F12: pupil
B13: A001 | C13: =VLOOKUP(B13,People!A$1:E$1000,5,0) -> Matthias De Visch | D13: B171 | E13: =VLOOKUP(D13,People!A$1:E$1000,5,0) -> Bernard Verschoot | F13: pupil
B14: A001 | C14: =VLOOKUP(B14,People!A$1:E$1000,5,0) -> Matthias De Visch | D14: B135 | E14: =VLOOKUP(D14,People!A$1:E$1000,5,0) -> Jacobus Prince | F14: pupil | G14: Bruges Royal Academy of Fine Arts | H14: Ledoulx
B15: A001 | C15: =VLOOKUP(B15,People!A$1:E$1000,5,0) -> Matthias De Visch | D15: B078 | E15: =VLOOKUP(D15,People!A$1:E$1000,5,0) -> Jan Garemijn | F15: colleague | G15: Bruges informal De Visch academy | H15: Ledoulx
B16: A001 | C16: =VLOOKUP(B16,People!A$1:E$1000,5,0) -> Matthias De Visch | D16: B110 | E16: =VLOOKUP(D16,People!A$1:E$1000,5,0) -> Eustache Malfait (I) | F16: colleague | G16: Bruges informal De Visch academy | H16: Ledoulx
B17: A001 | C17: =VLOOKUP(B17,People!A$1:E$1000,5,0) -> Matthias De Visch | D17: B109 | E17: =VLOOKUP(D17,People!A$1:E$1000,5,0) -> Ludovicus Malfait | F17: colleague | G17: Bruges informal De Visch academy | H17: Ledoulx
B18: A001 | C18: =VLOOKUP(B18,People!A$1:E$1000,5,0) -> Matthias De Visch | D18: B159 | E18: =VLOOKUP(D18,People!A$1:E$1000,5,0) -> Jean Van Hecke | F18: colleague | G18: Bruges informal De Visch academy | H18: Ledoulx
B19: A001 | C19: =VLOOKUP(B19,People!A$1:E$1000,5,0) -> Matthias De Visch | D19: B165 | E19: =VLOOKUP(D19,People!A$1:E$1000,5,0) -> Pieter van Walleghem | F19: colleague | G19: Bruges informal De Visch academy | H19: Ledoulx
B20: A001 | C20: =VLOOKUP(B20,People!A$1:E$1000,5,0) -> Matthias De Visch | D20: B127 | E20: =VLOOKUP(D20,People!A$1:E$1000,5,0) -> Andreas Petit | F20: colleague | G20: Bruges informal De Visch academy | H20: Ledoulx
B21: A001 | C21: =VLOOKUP(B21,People!A$1:E$1000,5,0) -> Matthias De Visch | D21: B156 | E21: =VLOOKUP(D21,People!A$1:E$1000,5,0) -> Jozef van den Kerckhove (II) | F21: colleague | G21: Bruges informal De Visch academy | H21: Ledoulx
B22: A001 | C22: =VLOOKUP(B22,People!A$1:E$1000,5,0) -> Matthias De Visch | D22: B046 | E22: =VLOOKUP(D22,People!A$1:E$1000,5,0) -> N. de Jhans | F22: colleague | G22: Bruges informal De Visch academy | H22: Ledoulx
B23: A001 | C23: =VLOOKUP(B23,People!A$1:E$1000,5,0) -> Matthias De Visch | D23: B178 | E23: =VLOOKUP(D23,People!A$1:E$1000,5,0) -> Petronelle Yweins | F23: wife | H23: Ledoulx
B24: A001 | C24: =VLOOKUP(B24,People!A$1:E$1000,5,0) -> Matthias De Visch | D24: B096 | E24: =VLOOKUP(D24,People!A$1:E$1000,5,0) -> Joannes Kleyn | F24: model | G24: Bruges informal De Visch academy | H24: Ledoulx
B25: A002 | C25: =VLOOKUP(B25,People!A$1:E$1000,5,0) -> Joseph Fernande | D25: A007 | E25: =VLOOKUP(D25,People!A$1:E$1000,5,0) -> Andreas De Muynck | F25: friend; fellow student; travel companion
B26: A002 | C26: =VLOOKUP(B26,People!A$1:E$1000,5,0) -> Joseph Fernande | D26: A010 | E26: =VLOOKUP(D26,People!A$1:E$1000,5,0) -> Joseph-Benoît Suvée | F26: friend; fellow student; travel companion
B27: A002 | C27: =VLOOKUP(B27,People!A$1:E$1000,5,0) -> Joseph Fernande | D27: B020 | E27: =VLOOKUP(D27,People!A$1:E$1000,5,0) -> Jean Bylloo | F27: friend; fellow student; travel companion
B28: A002 | C28: =VLOOKUP(B28,People!A$1:E$1000,5,0) -> Joseph Fernande | D28: A008 | E28: =VLOOKUP(D28,People!A$1:E$1000,5,0) -> Karel Van Poucke | F28: friend; fellow student; travel companion
B29: A002 | C29: =VLOOKUP(B29,People!A$1:E$1000,5,0) -> Joseph Fernande | D29: B167 | E29: =VLOOKUP(D29,People!A$1:E$1000,5,0) -> Michel-Pierre Vandervoort | F29: rector; mentor | G29: Paris Academy of Saint-Luc
B30: A002 | C30: =VLOOKUP(B30,People!A$1:E$1000,5,0) -> Joseph Fernande | D30: B159 | E30: =VLOOKUP(D30,People!A$1:E$1000,5,0) -> Jean Van Hecke | F30: teacher
B31: A002 | C31: =VLOOKUP(B31,People!A$1:E$1000,5,0) -> Joseph Fernande | D31: B168 | E31: =VLOOKUP(D31,People!A$1:E$1000,5,0) -> Claude-Louis Vassé | F31: teacher; studio master | G31: Paris Royal Academy of Fine Arts
B32: A002 | C32: =VLOOKUP(B32,People!A$1:E$1000,5,0) -> Joseph Fernande | D32: B053 | E32: =VLOOKUP(D32,People!A$1:E$1000,5,0) -> Florimond-Claude de Mercy-Argenteau | F32: benefactor
B33: A002 | C33: =VLOOKUP(B33,People!A$1:E$1000,5,0) -> Joseph Fernande | D33: B060 | E33: =VLOOKUP(D33,People!A$1:E$1000,5,0) -> Georges-Adam de Starhemberg | F33: benefactor
B34: A002 | C34: =VLOOKUP(B34,People!A$1:E$1000,5,0) -> Joseph Fernande | D34: B120 | E34: =VLOOKUP(D34,People!A$1:E$1000,5,0) -> Maria Theresa of Austria | F34: benefactor
B35: A002 | C35: =VLOOKUP(B35,People!A$1:E$1000,5,0) -> Joseph Fernande | D35: B115 | E35: =VLOOKUP(D35,People!A$1:E$1000,5,0) -> René Milot | F35: travel companion
B36: A002 | C36: =VLOOKUP(B36,People!A$1:E$1000,5,0) -> Joseph Fernande | D36: B001 | E36: =VLOOKUP(D36,People!A$1:E$1000,5,0) -> Alexandre Albani | F36: benefactor
B37: A002 | C37: =VLOOKUP(B37,People!A$1:E$1000,5,0) -> Joseph Fernande | D37: B176 | E37: =VLOOKUP(D37,People!A$1:E$1000,5,0) -> Anton von Maron | F37: mentor
B38: A002 | C38: =VLOOKUP(B38,People!A$1:E$1000,5,0) -> Joseph Fernande | D38: B118 | E38: =VLOOKUP(D38,People!A$1:E$1000,5,0) -> Charles Joseph Natoire | F38: director; mentor | G38: Rome Académie de France
B39: A002 | C39: =VLOOKUP(B39,People!A$1:E$1000,5,0) -> Joseph Fernande | D39: B173 | E39: =VLOOKUP(D39,People!A$1:E$1000,5,0) -> Joseph Marie Vien (I) | F39: director; mentor | G39: Rome Académie de France
B40: A003 | C40: =VLOOKUP(B40,People!A$1:E$1000,5,0) -> Jean-François Legillon | D40: B006 | E40: =VLOOKUP(D40,People!A$1:E$1000,5,0) -> Jean-Jacques Bachelier | F40: teacher | G40: Paris Royal Academy of Fine Arts
B41: A003 | C41: =VLOOKUP(B41,People!A$1:E$1000,5,0) -> Jean-François Legillon | D41: B067 | E41: =VLOOKUP(D41,People!A$1:E$1000,5,0) -> Jean-Baptiste Descamps | F41: teacher | G41: Rouen Academy | H41: Ledoulx
B42: A003 | C42: =VLOOKUP(B42,People!A$1:E$1000,5,0) -> Jean-François Legillon | D42: A001 | E42: =VLOOKUP(D42,People!A$1:E$1000,5,0) -> Matthias De Visch | F42: teacher/director | G42: Bruges Royal Academy of Fine Arts | H42: Ledoulx
B43: A003 | C43: =VLOOKUP(B43,People!A$1:E$1000,5,0) -> Jean-François Legillon | D43: A014 | E43: =VLOOKUP(D43,People!A$1:E$1000,5,0) -> Gerardus De San | F43: pupil | G43: Bruges informal Legillon drawing school | H43: Ledoulx; Delepierre; Weale
B44: A003 | C44: =VLOOKUP(B44,People!A$1:E$1000,5,0) -> Jean-François Legillon | D44: B169 | E44: =VLOOKUP(D44,People!A$1:E$1000,5,0) -> Jean Charles Verbrugge | F44: pupil | G44: Bruges informal Legillon drawing school | H44: Ledoulx; Delepierre; Weale
B45: A003 | C45: =VLOOKUP(B45,People!A$1:E$1000,5,0) -> Jean-François Legillon | D45: B153 | E45: =VLOOKUP(D45,People!A$1:E$1000,5,0) -> François van den Steene | F45: pupil | G45: Bruges informal Legillon drawing school | H45: Ledoulx; Delepierre; Weale
B46: A003 | C46: =VLOOKUP(B46,People!A$1:E$1000,5,0) -> Jean-François Legillon | D46: A010 | E46: =VLOOKUP(D46,People!A$1:E$1000,5,0) -> Joseph-Benoît Suvée | F46: friend | H46: Ledoulx; Weale
B47: A004 | C47: =VLOOKUP(B47,People!A$1:E$1000,5,0) -> Paul-Louis Cyfflé | D47: B159 | E47: =VLOOKUP(D47,People!A$1:E$1000,5,0) -> Jean Van Hecke | F47: teacher/studio master | H47: Ledoulx
B48: A004 | C48: =VLOOKUP(B48,People!A$1:E$1000,5,0) -> Paul-Louis Cyfflé | D48: A001 | E48: =VLOOKUP(D48,People!A$1:E$1000,5,0) -> Matthias De Visch | F48: teacher/director | G48: Bruges Royal Academy of Fine Arts | H48: Ledoulx
B49: A004 | C49: =VLOOKUP(B49,People!A$1:E$1000,5,0) -> Paul-Louis Cyfflé | D49: B106 | E49: =VLOOKUP(D49,People!A$1:E$1000,5,0) -> Stanisław Leszczyński | F49: benefactor | H49: Ledoulx
B50: A004 | C50: =VLOOKUP(B50,People!A$1:E$1000,5,0) -> Paul-Louis Cyfflé | D50: B120 | E50: =VLOOKUP(D50,People!A$1:E$1000,5,0) -> Maria Theresa of Austria | F50: benefactor | H50: Ledoulx
B51: A004 | C51: =VLOOKUP(B51,People!A$1:E$1000,5,0) -> Paul-Louis Cyfflé | D51: B089 | E51: =VLOOKUP(D51,People!A$1:E$1000,5,0) -> Barthélémy Guibal | F51: teacher/mentor | H51: Bénézit
B52: A005 | C52: =VLOOKUP(B52,People!A$1:E$1000,5,0) -> Bernard Verschoot | D52: A001 | E52: =VLOOKUP(D52,People!A$1:E$1000,5,0) -> Matthias De Visch | F52: teacher/director | G52: Bruges Royal Academy of Fine Arts
B53: A005 | C53: =VLOOKUP(B53,People!A$1:E$1000,5,0) -> Bernard Verschoot | D53: B078 | E53: =VLOOKUP(D53,People!A$1:E$1000,5,0) -> Jan Garemijn | F53: teacher/director | G53: Bruges Royal Academy of Fine Arts
B54: A005 | C54: =VLOOKUP(B54,People!A$1:E$1000,5,0) -> Bernard Verschoot | D54: B161 | E54: =VLOOKUP(D54,People!A$1:E$1000,5,0) -> Karel Van Lotharingen | F54: benefactor
B55: A006 | C55: =VLOOKUP(B55,People!A$1:E$1000,5,0) -> Pieter Pepers (I) | D55: B148 | E55: =VLOOKUP(D55,People!A$1:E$1000,5,0) -> René Michel Slodtz | F55: studio master | H55: Ledoulx; Devliegher
B56: A006 | C56: =VLOOKUP(B56,People!A$1:E$1000,5,0) -> Pieter Pepers (I) | D56: B165 | E56: =VLOOKUP(D56,People!A$1:E$1000,5,0) -> Pieter van Walleghem | F56: studio master | H56: Ledoulx; Devliegher
B57: A006 | C57: =VLOOKUP(B57,People!A$1:E$1000,5,0) -> Pieter Pepers (I) | D57: A054 | E57: =VLOOKUP(D57,People!A$1:E$1000,5,0) -> Pieter Pepers (II) | F57: son
B58: A006 | C58: =VLOOKUP(B58,People!A$1:E$1000,5,0) -> Pieter Pepers (I) | D58: A001 | E58: =VLOOKUP(D58,People!A$1:E$1000,5,0) -> Matthias De Visch | F58: teacher/director | G58: Bruges Royal Academy of Fine Arts | H58: Ledoulx
B59: A006 | C59: =VLOOKUP(B59,People!A$1:E$1000,5,0) -> Pieter Pepers (I) | D59: B022 | E59: =VLOOKUP(D59,People!A$1:E$1000,5,0) -> Jan Robert Caïmo | F59: benefactor | G59: Bruges Diocese | H59: Ledoulx
B60: A006 | C60: =VLOOKUP(B60,People!A$1:E$1000,5,0) -> Pieter Pepers (I) | D60: B027 | E60: =VLOOKUP(D60,People!A$1:E$1000,5,0) -> Joanna Commyn | F60: wife | H60: Devliegher
B61: A006 | C61: =VLOOKUP(B61,People!A$1:E$1000,5,0) -> Pieter Pepers (I) | D61: B024 | E61: =VLOOKUP(D61,People!A$1:E$1000,5,0) -> Anna-Maria Canneel | F61: wife | H61: Devliegher
B62: A007 | C62: =VLOOKUP(B62,People!A$1:E$1000,5,0) -> Andreas De Muynck | D62: B006 | E62: =VLOOKUP(D62,People!A$1:E$1000,5,0) -> Jean-Jacques Bachelier | F62: teacher | G62: Paris Royal Academy of Fine Arts
B63: A007 | C63: =VLOOKUP(B63,People!A$1:E$1000,5,0) -> Andreas De Muynck | D63: A002 | E63: =VLOOKUP(D63,People!A$1:E$1000,5,0) -> Joseph Fernande | F63: friend; fellow student; travel companion
B64: A007 | C64: =VLOOKUP(B64,People!A$1:E$1000,5,0) -> Andreas De Muynck | D64: A010 | E64: =VLOOKUP(D64,People!A$1:E$1000,5,0) -> Joseph-Benoît Suvée | F64: friend; fellow student; travel companion
B65: A007 | C65: =VLOOKUP(B65,People!A$1:E$1000,5,0) -> Andreas De Muynck | D65: A009 | E65: =VLOOKUP(D65,People!A$1:E$1000,5,0) -> Jean Billoo | F65: friend; fellow student; travel companion
B66: A007 | C66: =VLOOKUP(B66,People!A$1:E$1000,5,0) -> Andreas De Muynck | D66: A008 | E66: =VLOOKUP(D66,People!A$1:E$1000,5,0) -> Karel Van Poucke | F66: friend; fellow student; travel companion
B67: A007 | C67: =VLOOKUP(B67,People!A$1:E$1000,5,0) -> Andreas De Muynck | D67: A001 | E67: =VLOOKUP(D67,People!A$1:E$1000,5,0) -> Matthias De Visch | F67: teacher/director | G67: Bruges Royal Academy of Fine Arts
B68: A007 | C68: =VLOOKUP(B68,People!A$1:E$1000,5,0) -> Andreas De Muynck | D68: B022 | E68: =VLOOKUP(D68,People!A$1:E$1000,5,0) -> Jan Robert Caïmo | F68: benefactor | G68: Bruges Diocese
B69: A007 | C69: =VLOOKUP(B69,People!A$1:E$1000,5,0) -> Andreas De Muynck | D69: B075 | E69: =VLOOKUP(D69,People!A$1:E$1000,5,0) -> Theresia Fioravanti | F69: wife | H69: Ledoulx
B70: A007 | C70: =VLOOKUP(B70,People!A$1:E$1000,5,0) -> Andreas De Muynck | D70: A013 | E70: =VLOOKUP(D70,People!A$1:E$1000,5,0) -> Jacques Jean Lauwers | F70: colleague | H70: Ledoulx
B71: A008 | C71: =VLOOKUP(B71,People!A$1:E$1000,5,0) -> Karel Van Poucke | D71: B029 | E71: =VLOOKUP(D71,People!A$1:E$1000,5,0) -> Guillaume Coustou (II) | F71: teacher; studio master
B72: A008 | C72: =VLOOKUP(B72,People!A$1:E$1000,5,0) -> Karel Van Poucke | D72: B132 | E72: =VLOOKUP(D72,People!A$1:E$1000,5,0) -> Jean-Baptiste Pigalle | F72: studio master | H72: Bussers, Nécrologie
B73: A008 | C73: =VLOOKUP(B73,People!A$1:E$1000,5,0) -> Karel Van Poucke | D73: B175 | E73: =VLOOKUP(D73,People!A$1:E$1000,5,0) -> Karl von Cobenzl | F73: benefactor
B74: A008 | C74: =VLOOKUP(B74,People!A$1:E$1000,5,0) -> Karel Van Poucke | D74: B176 | E74: =VLOOKUP(D74,People!A$1:E$1000,5,0) -> Anton von Maron | F74: mentor
B75: A008 | C75: =VLOOKUP(B75,People!A$1:E$1000,5,0) -> Karel Van Poucke | D75: A002 | E75: =VLOOKUP(D75,People!A$1:E$1000,5,0) -> Joseph Fernande | F75: friend; fellow student; travel companion | H75: Ledoulx
B76: A008 | C76: =VLOOKUP(B76,People!A$1:E$1000,5,0) -> Karel Van Poucke | D76: A010 | E76: =VLOOKUP(D76,People!A$1:E$1000,5,0) -> Joseph-Benoît Suvée | F76: friend; fellow student; travel companion | H76: Ledoulx, Nécrologie
B77: A008 | C77: =VLOOKUP(B77,People!A$1:E$1000,5,0) -> Karel Van Poucke | D77: A007 | E77: =VLOOKUP(D77,People!A$1:E$1000,5,0) -> Andreas De Muynck | F77: friend; fellow student; travel companion | H77: Ledoulx, Nécrologie
B78: A008 | C78: =VLOOKUP(B78,People!A$1:E$1000,5,0) -> Karel Van Poucke | D78: A009 | E78: =VLOOKUP(D78,People!A$1:E$1000,5,0) -> Jean Billoo | F78: friend; fellow student; travel companion | H78: Ledoulx
B79: A008 | C79: =VLOOKUP(B79,People!A$1:E$1000,5,0) -> Karel Van Poucke | D79: B136 | E79: =VLOOKUP(D79,People!A$1:E$1000,5,0) -> Hendrik Pulinx (I) | F79: teacher | H79: Ledoulx
B80: A008 | C80: =VLOOKUP(B80,People!A$1:E$1000,5,0) -> Karel Van Poucke | D80: B163 | E80: =VLOOKUP(D80,People!A$1:E$1000,5,0) -> Louis-Emmanuel van Outryve d'Ydewalle | F80: patron | H80: Ledoulx
B81: A008 | C81: =VLOOKUP(B81,People!A$1:E$1000,5,0) -> Karel Van Poucke | D81: B120 | E81: =VLOOKUP(D81,People!A$1:E$1000,5,0) -> Maria Theresa of Austria | F81: benefactor | H81: Ledoulx
B82: A008 | C82: =VLOOKUP(B82,People!A$1:E$1000,5,0) -> Karel Van Poucke | D82: B161 | E82: =VLOOKUP(D82,People!A$1:E$1000,5,0) -> Karel Van Lotharingen | F82: benefactor | H82: Bussers
B83: A008 | C83: =VLOOKUP(B83,People!A$1:E$1000,5,0) -> Karel Van Poucke | D83: B094 | E83: =VLOOKUP(D83,People!A$1:E$1000,5,0) -> François-Joseph Janssens | F83: co-creator; colleague | H83: Bussers
B84: A008 | C84: =VLOOKUP(B84,People!A$1:E$1000,5,0) -> Karel Van Poucke | D84: B179 | E84: =VLOOKUP(D84,People!A$1:E$1000,5,0) -> Jacobus Valcke | F84: friend | H84: Nécrologie
B85: A009 | C85: =VLOOKUP(B85,People!A$1:E$1000,5,0) -> Jean Billoo | D85: A007 | E85: =VLOOKUP(D85,People!A$1:E$1000,5,0) -> Andreas De Muynck | F85: friend; fellow student; travel companion | H85: Ledoulx
B86: A009 | C86: =VLOOKUP(B86,People!A$1:E$1000,5,0) -> Jean Billoo | D86: A010 | E86: =VLOOKUP(D86,People!A$1:E$1000,5,0) -> Joseph-Benoît Suvée | F86: friend; fellow student; travel companion | H86: Ledoulx
... B89: A009 | C89: =VLOOKUP(B89,People!A$1:E$1000,5,0) -> Jean Billoo | D89: A001 | E89: =VLOOKUP(D89,People!A$1:E$1000,5,0) -> Matthias De Visch | F89: teacher/mentor | H89: Ledoulx
B90: A010 | C90: =VLOOKUP(B90,People!A$1:E$1000,5,0) -> Joseph-Benoît Suvée | D90: B006 | E90: =VLOOKUP(D90,People!A$1:E$1000,5,0) -> Jean-Jacques Bachelier | F90: teacher; friend | G90: Paris Royal Academy of Fine Arts
B91: A010 | C91: =VLOOKUP(B91,People!A$1:E$1000,5,0) -> Joseph-Benoît Suvée | D91: B115 | E91: =VLOOKUP(D91,People!A$1:E$1000,5,0) -> René Milot | F91: travel companion
B92: A010 | C92: =VLOOKUP(B92,People!A$1:E$1000,5,0) -> Joseph-Benoît Suvée | D92: A008 | E92: =VLOOKUP(D92,People!A$1:E$1000,5,0) -> Karel Van Poucke | F92: friend; fellow student; travel companion
B93: A010 | C93: =VLOOKUP(B93,People!A$1:E$1000,5,0) -> Joseph-Benoît Suvée | D93: A002 | E93: =VLOOKUP(D93,People!A$1:E$1000,5,0) -> Joseph Fernande | F93: friend; fellow student; travel companion
B94: A010 | C94: =VLOOKUP(B94,People!A$1:E$1000,5,0) -> Joseph-Benoît Suvée | D94: A009 | E94: =VLOOKUP(D94,People!A$1:E$1000,5,0) -> Jean Billoo | F94: friend; fellow student; travel companion
B95: A010 | C95: =VLOOKUP(B95,People!A$1:E$1000,5,0) -> Joseph-Benoît Suvée | D95: A007 | E95: =VLOOKUP(D95,People!A$1:E$1000,5,0) -> Andreas De Muynck | F95: friend; fellow student; travel companion
B96: A010 | C96: =VLOOKUP(B96,People!A$1:E$1000,5,0) -> Joseph-Benoît Suvée | D96: B173 | E96: =VLOOKUP(D96,People!A$1:E$1000,5,0) -> Joseph Marie Vien (I) | F96: director; mentor | G96: Rome Académie de France
B97: A010 | C97: =VLOOKUP(B97,People!A$1:E$1000,5,0) -> Joseph-Benoît Suvée | D97: A006 | E97: =VLOOKUP(D97,People!A$1:E$1000,5,0) -> Pieter Pepers (I) | F97: pupil
B98: A010 | C98: =VLOOKUP(B98,People!A$1:E$1000,5,0) -> Joseph-Benoît Suvée | D98: A018 | E98: =VLOOKUP(D98,People!A$1:E$1000,5,0) -> Maximiliaan Lodewijk Van Lede | F98: pupil
B99: A010 | C99: =VLOOKUP(B99,People!A$1:E$1000,5,0) -> Joseph-Benoît Suvée | D99: A020 | E99: =VLOOKUP(D99,People!A$1:E$1000,5,0) -> Joseph François Ducq | F99: pupil
B100: A010 | C100: =VLOOKUP(B100,People!A$1:E$1000,5,0) -> Joseph-Benoît Suvée | D100: A021 | E100: =VLOOKUP(D100,People!A$1:E$1000,5,0) -> Jean-Bernard Duvivier | F100: pupil
B101: A010 | C101: =VLOOKUP(B101,People!A$1:E$1000,5,0) -> Joseph-Benoît Suvée | D101: A019 | E101: =VLOOKUP(D101,People!A$1:E$1000,5,0) -> Guillielmus Geysen | F101: pupil
B102: A010 | C102: =VLOOKUP(B102,People!A$1:E$1000,5,0) -> Joseph-Benoît Suvée | D102: A001 | E102: =VLOOKUP(D102,People!A$1:E$1000,5,0) -> Matthias De Visch | F102: teacher/director | G102: Bruges Royal Academy of Fine Arts
...

Sheet Travels
A1: Travel_ID | B1: Person_ID_(traveller) | C1: Main_travel_destination | D1: Arrival_date | E1: Arrival_date_precision | F1: Arrival_date_source | G1: Confirmed_presence | H1: Confirmed_presence_source | I1: End_date | J1: End_date_precision | K1: End_date_source | L1: Travel_duration | M1: Secondary_places | N1: Linked_chronology | O1: Travel_remark | P1: Financial_means_of_travel | Q1: Artwork_ID | R1: Event_note
A2: E001 | B2: A001 | C2: Paris | D2: 1723 | E2: probable | F2: Ledoulx; Weale | I2: 1723 | J2: probable | P2: unknown
A3: E002 | B3: A001 | C3: Rome | D3: 1724 | E3: N/A | F3: N/A | I3: 1732 | J3: probable | K3: Ledoulx | M3: Venice; Parma; Piacenza | N3: unknown; unknown; unknown | P3: unknown
A4: E003 | B4: A002 | C4: Paris | D4: 1763 | E4: certain | F4: Ledoulx; Jacques 1957 | I4: 1772 | J4: certain | K4: Jacques 1957 | P4: unknown
A5: E004 | B5: A002 | C5: Rome | D5: 1772-12-06 | E5: certain | F5: Jacques 1957 | I5: 1776 | J5: certain | K5: Jacques 1957 | M5: Naples; Florence; Trieste; Venice | N5: unknown; unknown; unknown | P5: state-funded (yearly pension)
A6: E005 | B6: A003 | C6: Rouen | D6: 1760-05-01 | E6: probable | F6: Legillon; Weale; De Wallens | I6: 1762 | J6: probable | K6: Ledoulx; Weale; De Wallens | P6: unknown
A7: E006 | B7: A003 | C7: Rouen | D7: 1763-07-01 | E7: probable | F7: Ledoulx; Delepierre; Weale | I7: 1766-11-01 | J7: probable | K7: Ledoulx; Weale | P7: unknown
A8: E007 | B8: A003 | C8: Paris | D8: 1767-05-01 | E8: probable | F8: Ledoulx; Weale | G8: 1767 | H8: Réau; De Wallens | I8: 1768-08-01 | J8: probable | K8: Ledoulx; Weale; De Wallens | M8: Marseille; Toulouse | N8: after; after | P8: unknown
A9: E008 | B9: A003 | C9: Marseille | D9: 1769-08-01 | E9: probable | F9: Ledoulx | I9: 1770-09-15 | J9: probable | K9: Ledoulx | P9: unknown
A10: E009 | B10: A003 | C10: Rome | D10: 1770-09-30 | E10: certain | F10: Ledoulx; Delepierre; Weale; De Wallens | G10: 1771; 1772 | H10: Coekelberghs | I10: 1772-04-01 | J10: certain | K10: Ledoulx; Delepierre; Weale; De Wallens | M10: Civitavecchia | N10: unknown | O10: After Rome, he is said to have travelled across Italy until 1774. | P10: unknown
A11: E010 | B11: A003 | C11: Paris | D11: 1782-09-01 | E11: certain | F11: Ledoulx; Delepierre; Weale; De Wallens | I11: 1797-11-23 | J11: certain | K11: Ledoulx; Delepierre; Weale | O11: Besides these years-long stays, he also travelled to Paris (FR) in 1776 and 1779 and to Switzerland in 1779-1780, and visited Fontainebleau (FR) and Normandy (FR). | P11: unknown
A12: E011 | B12: A004 | C12: Paris | D12: 1741-05-01 | E12: probable | F12: Ledoulx | I12: 1746 | J12: probable | K12: Grove Art; Bénézit; Ledoulx insinuates 1748 | P12: unknown
A13: E012 | B13: A004 | C13: Lunéville | D13: 1746 | E13: probable | F13: Grove Art; Bénézit; Ledoulx insinuates 1748 | I13: 1777 | J13: probable | K13: Ledoulx | P13: unknown
A14: E013 | B14: A005 | C14: Paris | D14: 1754 | E14: inferred | F14: RKD; shortly after 1749 according to Ledoulx | G14: 1754; 1755; 1756; 1757 | H14: De Wallens | I14: 1757 | J14: inferred | K14: RKD | P14: unknown
A15: E014 | B15: A005 | C15: Rome | D15: 1757 | E15: estimate | F15: RKD | I15: 1765 | J15: certain | K15: Coekelberghs; De Wallens | M15: Napels; Venice | N15: unknown; unknown | P15: unknown
A16: E015 | B16: A006 | C16: Paris | D16: 1751 | E16: probable | F16: Ledoulx; Devliegher | I16: 1759 | J16: probable | K16: Ledoulx; Devliegher | P16: unknown
A17: E016 | B17: A007 | C17: Paris | D17: 1763 | E17: certain | F17: Ledoulx | G17: 1766 | H17: Réau; De Wallens | I17: 1767 | J17: inferred | P17: unknown
A18: E017 | B18: A007 | C18: Rome | D18: 1768 | E18: inferred | G18: 1769 | H18: Coekelberghs | I18: 1813 | J18: certain | P18: unknown
A19: E018 | B19: A008 | C19: Paris | D19: 1763 | E19: certain | F19: Ledoulx | G19: 1765 | H19: Réau | I19: 1767 | J19: estimate | P19: state-funded (yearly pension)
A20: E019 | B20: A008 | C20: Rome | D20: 1768 | E20: certain | F20: Bussers | I20: 1774 | J20: certain | K20: Ledoulx | M20: Naples | N20: after | O20: After his Roman stay, he likely travelled across Italy, since he is reported to have left Italy only in 1776. | P20: unknown
A21: E020 | B21: A008 | C21: Rome | D21: 1776 | E21: probable | F21: Ledoulx | I21: 1778 | J21: probable | K21: Ledoulx; Delepierre mentions 1779 | P21: unknown
A22: E021 | B22: A009 | C22: Paris | D22: 1763 | E22: certain | F22: Ledoulx | I22: 1798 | J22: probable | K22: Ledoulx | P22: unknown
A23: E022 | B23: A010 | C23: Paris | D23: 1763 | E23: certain | F23: Ledoulx | I23: 1772 | J23: uncertain | P23: unknown
A24: E023 | B24: A010 | C24: Rome | D24: 1772-10-01 | E24: probable | F24: Join-Lambert & Leclair | I24: 1777 | J24: certain | K24: Artl@s | M24: Naples; Taormina; Catania; Syracuse; Agrigento; Segesta; Valletta | N24: during; during; during; during; during; during; during | O24: During his Roman stay, he travelled to Sicily and Malta at the invitation of Pierre Marie Gaspard Grimod, Count of Orsay, from May to September 1777. | P24: state-funded (Prix de Rome)
A25: E024 | B25: A010 | C25: Paris | D25: 1778-08-01 | E25: probable | F25: Ledoulx | I25: 1801-10-01 | J25: probable | K25: Ledoulx; Weale | P25: unknown
A26: E025 | B26: A010 | C26: Rome | D26: 1801-11-24 | E26: certain | F26: Join-Lambert & Leclair: Brunel & Julia; 1802 wordt soms opgegeven maar is foutief | I26: 1807-02-09 | J26: certain | K26: death | P26: state-funded
A27: E026 | B27: A011 | C27: Paris | D27: 1766 | E27: probable | F27: Ledoulx | I27: 1767 | J27: certain | K27: Coekelberghs | P27: unknown
A28: E027 | B28: A011 | C28: Rome | D28: 1767-09-01 | E28: certain | F28: Coekelberghs | G28: 1771 | H28: Coekelberghs | I28: 1775 | J28: estimate | K28: Ledoulx | P28: self-funded
A29: E028 | B29: A012 | C29: Paris | D29: 1772 | E29: probable | F29: Ledoulx; De Wallens | I29: 1779 | J29: probable | K29: De Wallens | P29: unknown
A30: E029 | B30: A012 | C30: Rome | D30: 1779 | E30: certain | F30: Coekelberghs; Kerremans | G30: 1779; 1781 | H30: Coekelberghs; studies Prentenkabinet | I30: 12/1783 of 01/1784 | J30: inferred | K30: Delepierre; Weale; Coekelberghs (maakte foutje) | O30: Note that the artist participated in a competition of the Parma Academy and owned volcanic stones from Naples, though this does not necessarily imply that he visited Parma or Naples. | P30: unknown
A31: E030 | B31: A013 | C31: Rome | D31: 1775 | E31: estimate | F31: Coekelberghs; De Wallens; RKD mentions 1776 | I31: 1776 | J31: uncertain | K31: RKD | P31: self-funded
A32: E031 | B32: A013 | C32: Paris | D32: 1777 | E32: estimate | F32: Jacobs; De Wallens | G32: 1779 | H32: Réau; De Wallens | I32: 1780 | J32: uncertain | K32: RKD | P32: unknown
A33: E032 | B33: A013 | C33: Amsterdam | D33: 1780 | E33: uncertain | F33: RKD | G33: 1788; 1789 | H33: Ledoulx | I33: 1800 | J33: certain | M33: The Hague | N33: during | P33: patron-funded
A34: E033 | B34: A014 | C34: Rome | D34: 1781-11-01 | E34: certain | F34: Ledoulx; Coekelberghs | I34: 1784 | J34: inferred | K34: Ledoulx | O34: Note that the artist participated in competitions of the Parma Academy, though this does not necessarily imply that he visited Parma. | P34: unknown
A35: E034 | B35: A014 | C35: Groningen | D35: 1794 | E35: certain | F35: Ledoulx | I35: 1830 | J35: probable | P35: unknown
A36: E035 | B36: A015 | C36: Paris | D36: 1779 | E36: probable | F36: Ledoulx | G36: 1779 | H36: Réau | I36: 1790 | J36: probable | K36: Ledoulx; 1791 according to RKD | M36: Rotterdam; Gouda | N36: during | P36: unknown
A37: E036 | B37: A015 | C37: Beauvais | D37: 1796 | E37: probable | F37: Ledoulx | I37: 1836 | J37: uncertain | K37: RKD | P37: unknown
A38: E037 | B38: A016 | C38: Marseille | D38: 1780 | E38: probable | F38: Ledoulx | I38: 1782 | J38: before (inferred) | K38: RKD claims 1780 | P38: unknown
A39: E038 | B39: A016 | C39: Paris | D39: 1782 | E39: probable | F39: Kerremans; RKD; Janssens & Knolle 2007 | I39: 1785 | J39: probable | K39: Kerremans; RKD; Janssens & Knolle 2007 | P39: unknown
A40: E039 | B40: A016 | C40: Rome | D40: 1790 | E40: inferred | F40: Ledoulx; Delepierre; Weale; Coekelberghs claims 1789 | I40: 1791 | J40: probable | K40: Ledoulx; Delepierre; Weale; Coekelberghs | P40: unknown
A41: E040 | B41: A017 | C41: Paris | D41: 1778 | E41: estimate | F41: Marechal | G41: 1778; 1821 | H41: Marechal 2007; Gazette van Brugge | I41: 1823-02-22 | J41: probable | P41: unknown
A42: E041 | B42: A018 | C42: Paris | D42: 1781-05-01 | E42: probable | F42: Delepierre | I42: 1789 | J42: probable | K42: Delepierre | P42: unknown
A43: E042 | B43: A018 | C43: London | D43: 1790 | E43: estimate | F43: RKD; Delepierre | I43: 1790 | J43: estimate | K43: RKD; Delepierre | P43: unknown
A44: E043 | B44: A019 | C44: Paris | D44: 1789-06-01 | E44: probable | F44: Ledoulx | G44: 1789 | H44: Réau | I44: 1790 | J44: probable | K44: Ledoulx | P44: unknown
A45: E044 | B45: A020 | C45: Paris | D45: 1786-10-01 | E45: certain | F45: Ledoulx; Weale; Picard | G45: 1786 | H45: Réau | I45: 1792-10-01 | J45: certain | K45: Ledoulx; Weale | P45: unknown
A46: E045 | B46: A020 | C46: Paris | D46: 1795-10-01 | E46: certain | F46: Delepierre; Weale | I46: 1806-1807 | J46: inferred | K46: Delepierre; Weale | P46: unknown
A47: E046 | B47: A020 | C47: Rome | D47: 1807-02-17 | E47: certain | F47: Weale; Coekelberghs; Lapauze, 66 for the exact date; brief SAB, 3-4-1807 | I47: 1813-06-01 | J47: certain | K47: Delepierre; Weale; Coekelberghs; voor juni zie brief SAB 29-06-1813 | M47: Milan; Florence | N47: before; before | P47: patron-funded
A48: E047 | B48: A021 | C48: Paris | D48: 1783-09-01 | E48: probable | F48: Ledoulx | G48: 1783 | H48: Réau | I48: 1790 | J48: probable | K48: Ledoulx | P48: unknown
A49: E048 | B49: A021 | C49: Rome | D49: 1790-06-02 | E49: certain | F49: Ledoulx; Coekelberghs | I49: 1793 | J49: probable | K49: Delepierre; Coekelberghs; van Leeuwen; Ledoulx claims he spent 4 years in Rome | M49: Florence; Venice; Milan | N49: after; after; after | O49: After his Roman stay, he appears to have travelled across Italy, including stays in Florence (1793–1795, cf. Van Leeuwen 1985), Venice (September 1794) and Milan, before returning to Paris in 1796. | P49: patron-funded
A50: E049 | B50: A021 | C50: Paris | D50: 1796 | E50: probable | F50: Delepierre | I50: 1837 | J50: certain | K50: RKD | P50: unknown
A51: E050 | B51: A022 | C51: Paris | D51: 1780-07-01 | E51: certain | F51: Ledoulx; Weale | G51: 1781 | H51: Réau | I51: 1784-09-16 | J51: certain | K51: Ledoulx; Weale | P51: unknown
A52: E051 | B52: A022 | C52: Rome | D52: 1784-11-21 | E52: certain | F52: Ledoulx; Weale | G52: 1789 | H52: schilderij Napels | I52: 1790-06-26 | J52: certain | K52: Ledoulx; Weale; Coekelberghs | M52: Naples | O52: During his Roman stay, he is known to have visited the Campagna Romana (Tivoli, Frascati, Marino, Albano) and, in the fall of 1789, Naples and its surroundings (Pozzuoli, Vietri, Sorrento, etc.). | P52: unknown
A53: E052 | B53: A023 | C53: Paris | D53: 1799 | E53: probable | F53: Verbrugge; Weale; Van Peteghem; 1796 according to Valcke | G53: 1799 | H53: brief Suvée; Delepierre; Weale | I53: 1810 | J53: probable | K53: Delepierre; Weale | P53: self-funded
A54: E053 | B54: A023 | C54: Kassel, Westphalia | D54: 1810 | E54: uncertain | F54: Delepierre; Weale; Valcke | I54: 1813 | J54: probable | K54: Vautier | P54: patron-funded
A55: E054 | B55: A023 | C55: Paris | D55: 1813 | E55: probable | F55: Delepierre; Weale; Vautier; 1814 according to Van Peteghem | I55: 1834 | J55: probable | K55: Marechal 1991; Valcke; Vautier; 07/1839 according to Van Peteghem | P55: unknown
A56: E055 | B56: A024 | C56: Paris | D56: 1797-09-01 | E56: certain | F56: Ledoulx; De Busscher | G56: 1797 | H56: Réau | I56: 1806 | J56: certain | K56: Ledoulx; De Busscher | P56: unknown
A57: E056 | B57: A024 | C57: Rome | D57: 1807-01-19 | E57: certain | F57: De Busscher; brief SAB, 10-02-1807 | I57: 1819-10-02 | J57: certain | K57: De Busscher | M57: Lyon; Turin; Milan; Modena; Florence; Naples | N57: before; before; before; before; before; during | P57: state-funded
A58: E057 | B58: A024 | C58: Paris | D58: 1825 | E58: uncertain | F58: De Busscher | I58: 1836-08-08 | J58: certain | K58: De Busscher | P58: unknown
A59: E058 | B59: A025 | C59: Paris | D59: 1801 | E59: certain | F59: Réau; Jacobs | G59: 1801 | H59: Réau | I59: 1835 | J59: certain | K59: Delepierre; Weale | P59: patron-funded
A60: E059 | B60: A026 | C60: Paris | D60: 1803 | E60: probable | F60: Delepierre; RKD | G60: 1803 | H60: Réau | I60: 1807 | J60: inferred | P60: unknown
A61: E060 | B61: A026 | C61: Rome | D61: 1808 | E61: probable | F61: Artl@s | I61: 1811 | J61: probable | K61: Artl@s | P61: state-funded (Prix de Rome)
A62: E061 | B62: A027 | C62: Paris | D62: 1797 | E62: certain | F62: prize drawing Prentenkabinet; Ledoulx; Delepierre; 1795 is often mistakenly mentioned | G62: 1797 | H62: Réau | I62: 1805 | J62: probable | K62: Artl@s | P62: unknown
A63: E062 | B63: A027 | C63: Rome | D63: 1805-11-01 | E63: certain | F63: Coekelberghs; Delepierre; Weale; Artl@s mentions 09/1805 | I63: 1812-10-01 | J63: estimate | K63: L'Oracle, 18 November 1812: Odevaere is received in Ghent; see Coekelberghs in publication Quirinale; usually his return is dated later in literature, in 1813 or even 1814 | M63: Milan, Florence | P63: state-funded (Prix de Rome)
A64: E063 | B64: A028 | C64: Paris | D64: 1808 | E64: probable | F64: Valcke 2003 | G64: 1811 | H64: Réau | I64: 1812 | J64: probable | K64: Valcke 2003 | P64: unknown
A65: E064 | B65: A028 | C65: London | D65: 1815 | E65: probable | F65: Valcke 2003; Bénézit | G65: 1818 | H65: Valcke 2003 | I65: 1859 | J65: probable | K65: death | P65: unknown
A66: E065 | B66: A029 | C66: Paris | D66: 1809 | E66: estimate | F66: Delepierre | J66: unknown | P66: unknown
A67: E066 | B67: A030 | C67: Paris | D67: 1824 | E67: probable | F67: Van Peteghem 1881; Janssens & Knolle 2007 | I67: 1835 | J67: uncertain | K67: Janssens & Knolle 2007 | M67: London | N67: after | O67: The artist is most likely to have resided in Paris from ca. 1824 onward, although some authors propose 1834 as a starting date (Delepierre 1840). The earlier date appears more plausible, as it follows his academic training in Bruges, is supported by a contemporary source (Verkest), and aligns with the claim that he was received in Paris by Kinsoen, who left the city ca. 1834. The duration of his stay remains uncertain, with some authors extending it until 1835 (Marechal 1991; Janssens & Knolle 2007). He is said to have also briefly visited England. | P67: unknown
A68: E067 | B68: A031 | C68: Paris | D68: 1821 | E68: uncertain | F68: Delepierre; Van Peteghem; RKD | I68: 1825 | J68: estimate | K68: Delepierre; RKD | O68: Sources differ on the length of his stay in Paris, which is given as two, three, or four years. | P68: state-funded (yearly pension)
A69: E068 | B69: A032 | C69: Rome | D69: 1826 | E69: probable | F69: Delepierre | I69: 1827 | J69: estimate | K69: Delepierre; Coekelberghs | M69: Naples; Salerno; Paestum | N69: after; after; after | O69: He is said to have travelled across Italy (Rome: “several months”) and subsequently across Switzerland (Delepierre 1840). The claim that he studied lithography in Munich with Aloys Senefelder is likely incorrect (Ryckaert, 2019). | P69: unknown
A70: E069 | B70: A032 | C70: Paris | D70: 1827 | E70: estimate | F70: Delepierre | I70: 1827 | J70: estimate | K70: Delepierre | P70: unknown
A71: E070 | B71: A033 | C71: Rome | D71: 1837 | E71: probable | F71: Van Leeuwen | G71: 1838 | H71: Van Leeuwen | J71: unknown | M71: Florence | N71: unknown | P71: state-funded
A72: E071 | B72: A034 | C72: Paris | D72: 1835 | E72: certain | F72: Weale | I72: 1839 | J72: certain | K72: Weale | P72: unknown
A73: E072 | B73: A035 | C73: Paris | D73: 1847 | E73: probable | F73: Journal de Bruges | I73: 1848 | J73: probable | K73: Journal de Bruges | P73: unknown
A74: E073 | B74: A035 | C74: Rome | D74: 1851 | E74: certain | F74: Dupont; was set to leave from Bruges in 03/1851, Gazette van Brugge | I74: 1852-07-03 | J74: certain | K74: death; Journal de Bruges 1852; Van Peteghem 1858 | P74: province-funded
A75: E074 | B75: A036 | C75: Paris | D75: 1848 | E75: estimate | G75: 1849 | H75: REG-ARTS | I75: 1850 | J75: estimate | P75: unknown
A76: E075 | B76: A036 | C76: Rome | D76: 1851 | E76: certain | F76: Journal de Bruges 19/8/1852; Dupont | J76: unknown | O76: Contemporary newspapers state that the artist travelled to Rome with Jan Cierkens, who is said to have died in his arms in Rome on 3 July 1852 (Journal de Bruges). This account aligns with claims that the artist resided in Rome during the 1850s (Dupont 2005). | P76: unknown
A77: E076 | B77: A037 | C77: Paris | D77: 1862 | E77: estimate | G77: 1863 | H77: REG-ARTS | I77: 1864 | J77: estimate | O77: Given that the artist won the Belgian Prix de Rome in 1861, is documented at the Paris Academy in 1863, and was residing in Rome by 1865, his stay in Paris can be estimated to have taken place roughly between 1862 and 1864. | P77: unknown
A78: E077 | B78: A037 | C78: Rome | D78: 1865 | E78: probable | F78: Dupont | I78: 1867 | J78: probable | K78: Dupont | P78: state-funded (Prix de Rome)
A79: E078 | B79: A038 | C79: Paris | D79: 1872 | E79: estimate | I79: 1873 | J79: estimate | O79: Given that the artist won first prize at the Bruges Academy in the life-drawing class in September 1871 (Standaerd van Vlaenderen 1879) and is reported to have been in Italy by 1874 (Michiels 1990; Dupont 2005), his stay in Paris can be estimated as ca. 1872–1873. | P79: unknown
A80: E079 | B80: A038 | C80: Rome | D80: 1874 | E80: probable | F80: Michiels 1990; Dupont 2005; Depuydt & Calis 2015 | I80: 1878 | J80: probable | K80: Michiels 1990; Dupont 2005; Depuydt & Calis 2015 | M80: Florence; Pistoia; Assisi; Padua; Siena; Ferrara; Subiaco | N80: unknown; unknown; unknown; unknown; unknown; unknown; unknown | P80: state-funded
A81: E080 | B81: A039 | C81: Paris | D81: 1874 | E81: estimate | F81: RKD; REG-ARTS | G81: 1874 | H81: REG-ARTS | I81: 1877 | J81: estimate | K81: RKD | P81: unknown
A82: E081 | B82: A039 | C82: Rome | D82: 1877 | E82: estimate | I82: 1878 | J82: probable | K82: Verkest 1900; Fornari | P82: unknown
A83: E082 | B83: A040 | C83: Rome | D83: 1878 | E83: estimate | F83: Dupont 2005; Champal 1886 | I83: 1880 | J83: estimate | K83: Dupont 2005; Champal 1886 | M83: Capri; Naples | N83: unknown; unknown | P83: state-funded
A84: E083 | B84: A040 | C84: Paris | D84: 1880 | E84: estimate | I84: 1883 | J84: estimate | O84: The artist reportedly resided in Paris for three to four years, following travels to Italy on commission from the government (Journal de Bruxelles 1885; La Jeune Belgique 1885) | P84: state-funded
A85: E084 | B85: A041 | C85: Paris | D85: 1879 | E85: probable | I85: 1879 | J85: probable | P85: unknown
A86: E085 | B86: A041 | C86: Rome | D86: 1879 | E86: certain | F86: Dupont 2005 | I86: 1882 | J86: certain | K86: Dupont 2005 | P86: state-funded (Prix de Rome)
A87: E086 | B87: A042 | C87: Rome | D87: 1881 | E87: estimate | F87: Verkest 1900 | I87: 1881 | J87: estimate | K87: Verkest 1900 | M87: Florence; Napels | N87: unknown; unknown | P87: state-funded
A88: E087 | B88: A042 | C88: Rome | D88: 1884 | E88: estimate | F88: Dupont 2005 | I88: 1886 | J88: estimate | K88: Dupont 2005 | M88: Paris; Turin; Milan; Verona; Venice; Florence; Napels; Tunis; Malta; Alexandria; Caïro; Marseille; Paris | N88: before; before; before; before; before; before; after; after; after; after; after; after; after | O88: During a fifteen-month journey in Italy, the artist spent approximately eight to nine months in Rome (Dupont 2005). He also travelled to Tunisia, Malta, Egypt and possibly Tyrol as part of his Prix de Rome travels (La Flandre Littéraire 1897; Verkest 1900). | P88: state-funded (Prix de Rome)
A89: E088 | B89: A043 | C89: Paris | D89: 1873 | E89: inferred | F89: De Laere 1996 | G89: 1881 | H89: REG-ARTS | I89: 1893 | J89: estimate | K89: RKD | P89: unknown
A90: E089 | B90: A043 | C90: Fontainebleau | D90: 1892 | E90: estimate | I90: 1909 | J90: estimate | O90: In 1904, the artist travelled to Ferrara on commission from the French government (Dupont 2005); the duration of this stay remains unclear. | P90: unknown
A91: E090 | B91: A043 | C91: Sainte-Gemmes-sur-Loire | D91: 1909 | E91: probable | F91: De Laere 1996 | I91: 1918 | J91: estimate | K91: De Laere 1996 | P91: unknown
A92: E091 | B92: A043 | C92: Angers | D92: 1918 | E92: estimate | F92: De Laere 1996 | I92: 12952 | J92: probable | K92: death; De Laere 1996 | P92: unknown
A93: E092 | B93: A044 | C93: Rome | D93: 1887 | E93: probable | F93: Dupont 2005 | I93: 1888 | J93: probable | K93: Dupont 2005 | M93: London; Paris; Napels | N93: before; before; during | O93: The artist visited London in 1886, before departing for Italy (Dupont 2005). | P93: state-funded (Prix de Rome)
A94: E093 | B94: A044 | C94: Florence | D94: 1888 | E94: probable | F94: Dupont 2005 | I94: 1889 | J94: probable | K94: Dupont 2005 | N94: after | P94: state-funded (Prix de Rome)
A95: E094 | B95: A045 | C95: Paris | D95: 1819 | E95: probable | F95: Musea Brugge collections; REG-ARTS | G95: 1819; 1820 | H95: REG-ARTS | J95: unknown | P95: unknown
A96: E095 | B96: A046 | C96: Paris | D96: 1833 | E96: estimate | F96: Weale | G96: 1833 | H96: Réau | I96: 1833 | J96: estimate | K96: Weale 1861; Immerzeel 1877 | P96: unknown
A97: E096 | B97: A047 | C97: Paris | D97: 1808 | E97: estimate | F97: Musea Brugge collections | G97: 1809 | H97: Réau | J97: unknown | P97: unknown
A98: E097 | B98: A048 | C98: Paris | D98: 1803 | E98: estimate | F98: Musea Brugge collections | G98: 1805 | H98: Réau | J98: unknown | P98: unknown
A99: E098 | B99: A049 | C99: Paris | E99: unknown | G99: 1802 | H99: Réau | J99: unknown | P99: unknown
A100: E099 | B100: A050 | C100: Paris | G100: 1810 | H100: Réau; Lexicon van de Westvlaamse kunstenaars | P100: unknown
...

Sheet Places
A1: Place_ID | B1: Place_name | C1: Latitude | D1: Longitude
A2: P001 | B2: Aalst | C2: 50.938323 | D2: 4.039215
A3: P002 | B3: Amsterdam | C3: 52.378 | D3: 4.9
A4: P003 | B4: Angers | C4: 47.470176 | D4: -0.554217
A5: P004 | B5: Antwerp | C5: 51.22111 | D5: 4.399708
A6: P005 | B6: Antwerpen | C6: 51.22111 | D6: 4.399708
A7: P006 | B7: Assebroek | C7: 51.19554 | D7: 3.253053
A8: P007 | B8: Bangor (Me) | C8: 44.801616 | D8: -68.771305
A9: P008 | B9: Beauvais | C9: 49.4312 | D9: 2.08358
A10: P009 | B10: Bergues | C10: 50.968155 | D10: 2.43302
A11: P010 | B11: Boothbay Harbor (Me) | C11: 43.851667 | D11: -69.627778
A12: P011 | B12: Bornem | C12: 51.095301 | D12: 4.234131
A13: P012 | B13: Boston | C13: 42.345697 | D13: -71.035864
... A54: P053 | B54: Weerde | C54: 50.97345 | D54: 4.47487
